CustomerID,CustomerName,City,Phone
1,Vikas D,Hyderabad,919315680034
2,Sunil J,Pune,919495084167
3,Rohan Nair,Mumbai,918337056399
4,Sunil Gupta,Hyderabad,917384942185
5,Payal T,Hyderabad,919621363619
6,Shivani B,Delhi,918717579777
7,Rohan Patil,Mumbai,918170911152
8,Pooja Singh,Delhi,918776179843
9,Durga Verma,Mumbai,917523496792
10,Arjun Kaur,Delhi,919244039005
11,Jaya Kulkarni,Hyderabad,917778030538
12,Priya Sharma,Hyderabad,917529237254
13,Divya Kaur,Pune,919925378910
14,Deepak P,Delhi,917779271753
15,Vinod Mehta,Bangalore,919255559564
16,Fatima R,Pune,917792787102
17,Manoj J,Delhi,918268210622
18,Jaya T,Delhi,917459032887
19,Divya D,Pune,919436587433
20,Deepak Singh,Hyderabad,917795550140
21,Rohit T,Delhi,918101928745
22,Vikas Shetty,Hyderabad,918823331411
23,Vikas M,Pune,919076812739
24,Neha Khan,Hyderabad,917373829493
25,Meenakshi Shetty,Mumbai,919363204992
26,Payal Verma,Bangalore,918604211883
27,Kavita J,Delhi,917186455415
28,Fatima Gupta,Bangalore,919261296812
29,Divya Nair,Hyderabad,919719364457
30,Manoj Singh,Delhi,917482343470
31,Simran P,Hyderabad,917011098252
32,Neha M,Mumbai,919583903094
33,Pooja Patil,Pune,919740125589
34,Priya Kulkarni,Delhi,919212660500
35,Durga Mehta,Mumbai,919549228763
36,Neha M,Mumbai,917979595144
37,Payal Kaur,Delhi,917910725640
38,Priya Mehta,Hyderabad,919777151246
39,Jaya Patil,Mumbai,919624143369
40,Simran R,Bangalore,917750646231
41,Manoj Nair,Mumbai,918765353849
42,Simran Nair,Hyderabad,918549506168
43,Harish R,Hyderabad,918517933263
44,Karan M,Bangalore,919390737968
45,Manoj S,Mumbai,918017351321
46,Suresh J,Hyderabad,918097986906
47,Karan Sharma,Delhi,918297339971
48,Deepak Gupta,Pune,918180282929
49,Suresh Sharma,Pune,918819941947
50,Divya Nair,Pune,919883746982
51,Arjun B,Mumbai,919867104969
52,Rajesh P,Bangalore,917410321041
53,Pooja Singh,Hyderabad,919679455395
54,Rahul Sharma,Delhi,917642973641
55,Vinod Desai,Delhi,918940327392
56,Anjali Gupta,Mumbai,918820829110
57,Payal Shetty,Pune,919519464177
58,Fatima Gupta,Mumbai,917657060420
59,Suresh Nair,Bangalore,917721615534
60,Divya Verma,Bangalore,918010329136
61,Amit R,Hyderabad,919031055520
62,Shivani Desai,Hyderabad,917930890358
63,Rahul Kaur,Bangalore,919299345556
64,Pooja Singh,Bangalore,917411090896
65,Amit Singh,Bangalore,917766419605
66,Rohit J,Mumbai,917101526959
67,Simran Singh,Bangalore,918341197092
68,Amit Desai,Delhi,919757246606
69,Payal Khan,Pune,917988899746
70,Vikas Shetty,Bangalore,919607449051
71,Manoj J,Pune,917885562822
72,Payal Mehta,Mumbai,919348047519
73,Fatima S,Pune,919740020746
74,Rajesh Gupta,Mumbai,917996205193
75,Sachin D,Delhi,918103307720
76,Sunil Patil,Mumbai,918678928461
77,Jaya Desai,Mumbai,919714485836
78,Shivani Gupta,Hyderabad,919553256444
79,Karan J,Bangalore,917251060664
80,Rohan Patil,Bangalore,919133597437
81,Karan Gupta,Delhi,917608916376
82,Vinod T,Delhi,918179141439
83,Durga Verma,Bangalore,917586004258
84,Anjali S,Hyderabad,919564296966
85,Jaya Kulkarni,Bangalore,919985623124
86,Fatima Kaur,Hyderabad,919902716049
87,Divya D,Delhi,918736535874
88,Jaya B,Pune,918901454889
89,Payal Gupta,Delhi,918839103349
90,Jaya Sharma,Delhi,918914657404
91,Amit D,Mumbai,919973990640
92,Karan Shetty,Mumbai,917067951050
93,Rahul Gupta,Mumbai,918464970519
94,Sneha Nair,Mumbai,917551449275
95,Vinod Shetty,Hyderabad,917447147538
96,Jaya Desai,Bangalore,919590807619
97,Amit T,Pune,918448379493
98,Anjali Kaur,Delhi,919484152873
99,Arjun J,Hyderabad,918177511078
100,Vinod Shetty,Pune,917341103597
101,Kavita P,Hyderabad,918137717283
102,Jaya P,Hyderabad,917367899367
103,Payal D,Delhi,919771498724
104,Divya Gupta,Bangalore,919558729891
105,Priya Singh,Mumbai,917824063874
106,Sachin Desai,Bangalore,918723088968
107,Sachin P,Delhi,918388870279
108,Vinod P,Delhi,918576064352
109,Priya Verma,Delhi,917973481850
110,Fatima Desai,Pune,918475580997
111,Amit Sharma,Bangalore,918524697512
112,Rajesh Verma,Bangalore,919650663910
113,Harish Kaur,Hyderabad,917298173123
114,Payal Kulkarni,Hyderabad,918900136204
115,Shivani Patil,Hyderabad,919229344816
116,Shivani B,Delhi,917290393729
117,Arjun P,Bangalore,919875921339
118,Sneha Desai,Delhi,917300353963
119,Kavita Verma,Pune,918003785754
120,Sneha B,Hyderabad,919749501599
121,Ayesha R,Delhi,919319333524
122,Amit Shetty,Delhi,918164569351
123,Fatima Kulkarni,Pune,919546108103
124,Ayesha Singh,Mumbai,919795497009
125,Kavita Patil,Bangalore,919921144386
126,Rajesh Singh,Mumbai,919289036277
127,Rajesh D,Hyderabad,917991403819
128,Vikas D,Delhi,918393002876
129,Suresh Sharma,Pune,918962192953
130,Pooja Gupta,Pune,918430232322
131,Meenakshi Nair,Bangalore,917817439061
132,Amit B,Mumbai,919875424581
133,Fatima M,Bangalore,917224793729
134,Shivani Mehta,Delhi,918625543851
135,Rahul Gupta,Bangalore,919842577665
136,Fatima R,Pune,918558833765
137,Payal R,Pune,919395661520
138,Deepak D,Hyderabad,918917068758
139,Fatima P,Hyderabad,918998042909
140,Priya Sharma,Delhi,918432670323
141,Ayesha Kaur,Mumbai,917258309383
142,Rohit Desai,Bangalore,919493121173
143,Vinod Shetty,Delhi,919415046443
144,Suresh Singh,Hyderabad,917381253049
145,Rajesh R,Bangalore,917752920396
146,Ayesha Singh,Hyderabad,919727132636
147,Kavita Sharma,Bangalore,919963548446
148,Arjun D,Mumbai,917863003640
149,Rohan P,Delhi,917732197174
150,Pooja Patil,Bangalore,919301362383
151,Sneha Nair,Pune,918758693993
152,Kavita Singh,Pune,917415222205
153,Ayesha Singh,Bangalore,918815435933
154,Deepak M,Bangalore,918934328440
155,Simran M,Bangalore,917005311499
156,Priya Singh,Pune,918492808336
157,Ayesha Shetty,Pune,918292154255
158,Neha Sharma,Bangalore,919855774091
159,Neha Sharma,Hyderabad,919039622146
160,Simran R,Hyderabad,918642937885
161,Kavita Nair,Mumbai,918007780076
162,Vikas Singh,Delhi,917514661654
163,Sachin Sharma,Hyderabad,918715048795
164,Ayesha Kaur,Pune,917654621799
165,Vinod T,Hyderabad,917086012533
166,Durga Khan,Mumbai,919319098219
167,Jaya Kulkarni,Mumbai,918046497600
168,Sneha S,Delhi,919884321565
169,Rajesh Nair,Hyderabad,919237497492
170,Vinod Verma,Pune,917399127635
171,Harish Sharma,Pune,919678280133
172,Fatima J,Bangalore,918104009621
173,Amit Desai,Pune,917382786513
174,Fatima R,Delhi,917548525216
175,Rajesh Patil,Delhi,919613429236
176,Rahul P,Pune,919176854475
177,Sachin Kaur,Pune,917684205555
178,Fatima Khan,Bangalore,917271051260
179,Harish Kulkarni,Pune,917155307661
180,Rahul Shetty,Bangalore,917505298723
181,Rohit P,Bangalore,918301926368
182,Simran Singh,Pune,917976492182
183,Fatima Sharma,Mumbai,918130059889
184,Kavita Sharma,Mumbai,918467480812
185,Rahul M,Bangalore,918546774081
186,Deepak Mehta,Pune,918635993960
187,Durga Singh,Mumbai,917376422740
188,Pooja Khan,Pune,918487440641
189,Arjun M,Pune,918026734840
190,Manoj Verma,Pune,919378562504
191,Vinod Mehta,Hyderabad,919189248960
192,Priya P,Pune,918312216906
193,Pooja Sharma,Hyderabad,918705022643
194,Suresh B,Bangalore,918201317565
195,Durga R,Mumbai,918920720278
196,Vikas Mehta,Mumbai,919579532995
197,Shivani Singh,Mumbai,919214826294
198,Meenakshi S,Mumbai,917694771973
199,Fatima Gupta,Mumbai,919134441898
200,Deepak Patil,Mumbai,919467833998
201,Karan D,Mumbai,919433422651
202,Amit Nair,Bangalore,918679515891
203,Simran R,Pune,917895545833
204,Simran Kaur,Delhi,919152435723
205,Rajesh J,Hyderabad,918705869872
206,Fatima Verma,Delhi,917499789865
207,Priya T,Delhi,919318133925
208,Deepak P,Pune,919697024940
209,Kavita Mehta,Pune,918634764578
210,Sneha J,Pune,919896112797
211,Durga B,Mumbai,919286989289
212,Fatima Desai,Bangalore,917606784578
213,Amit Nair,Mumbai,917910457862
214,Harish Kaur,Bangalore,918308586931
215,Divya Desai,Bangalore,917347545672
216,Vikas Patil,Delhi,918385247118
217,Sneha S,Delhi,918730786708
218,Kavita J,Bangalore,917098328226
219,Rahul Nair,Bangalore,917745282113
220,Kavita R,Mumbai,917660527962
221,Karan M,Mumbai,919984792193
222,Fatima Mehta,Delhi,917960416674
223,Jaya T,Pune,918486486993
224,Sachin T,Bangalore,919461194193
225,Fatima Desai,Mumbai,919752954111
226,Payal Shetty,Delhi,919470307777
227,Divya Sharma,Mumbai,917569189144
228,Payal Sharma,Bangalore,919058811644
229,Manoj Verma,Bangalore,918347450144
230,Jaya R,Hyderabad,919604343390
231,Deepak Nair,Pune,919091915021
232,Karan Sharma,Hyderabad,917597850944
233,Ayesha Gupta,Delhi,919603836525
234,Rohit Singh,Mumbai,917750926204
235,Divya R,Delhi,918363787187
236,Rajesh Desai,Bangalore,919158504834
237,Durga Khan,Hyderabad,918712244648
238,Fatima Desai,Hyderabad,917628671512
239,Manoj P,Hyderabad,919861766284
240,Jaya Khan,Delhi,918578548340
241,Jaya D,Bangalore,917522963425
242,Rohit Kaur,Mumbai,917292797831
243,Ayesha R,Mumbai,919053999508
244,Harish Gupta,Delhi,917110861281
245,Neha Sharma,Hyderabad,919173715395
246,Jaya Desai,Pune,917580534808
247,Shivani Mehta,Delhi,917998800462
248,Durga Desai,Delhi,917343448748
249,Neha Verma,Bangalore,919360211387
250,Kavita Mehta,Mumbai,917524136575
251,Payal T,Delhi,918857564255
252,Payal Sharma,Delhi,919552459355
253,Arjun Desai,Hyderabad,918339240076
254,Karan Patil,Hyderabad,919173862733
255,Ayesha R,Pune,918887688337
256,Shivani Verma,Bangalore,918192938460
257,Sachin D,Pune,917453826363
258,Arjun Kaur,Hyderabad,919752328069
259,Meenakshi Singh,Mumbai,917001428127
260,Fatima Sharma,Hyderabad,917927876956
261,Amit T,Bangalore,917075968554
262,Rohan Desai,Hyderabad,919661110013
263,Divya Singh,Bangalore,919587946113
264,Amit Sharma,Bangalore,919792592443
265,Pooja Mehta,Bangalore,918566796438
266,Rohan Kaur,Bangalore,917652941778
267,Sunil S,Bangalore,918659836702
268,Divya Khan,Mumbai,917263494642
269,Priya T,Pune,919424256004
270,Meenakshi Singh,Delhi,917823699361
271,Shivani P,Pune,918974827785
272,Payal Nair,Bangalore,917909482328
273,Sunil Mehta,Mumbai,917249811585
274,Payal Verma,Hyderabad,919081347965
275,Rajesh Shetty,Mumbai,917248165628
276,Vikas Patil,Bangalore,919660722590
277,Payal M,Mumbai,919985153591
278,Karan B,Mumbai,918277130190
279,Sunil Patil,Bangalore,918848284118
280,Deepak Patil,Mumbai,918027270738
281,Anjali Desai,Delhi,917732999560
282,Suresh Singh,Delhi,917610956386
283,Sachin Singh,Mumbai,917320532628
284,Ayesha Patil,Hyderabad,917521344328
285,Meenakshi P,Bangalore,918302556861
286,Vikas Desai,Delhi,918139830253
287,Divya P,Hyderabad,917433988466
288,Shivani S,Mumbai,917763500806
289,Shivani Singh,Hyderabad,919972810319
290,Suresh P,Pune,919970476943
291,Sachin D,Delhi,917267541243
292,Ayesha S,Mumbai,919654511712
293,Vinod T,Bangalore,919187951363
294,Sachin Patil,Mumbai,919719528707
295,Divya Shetty,Bangalore,917983094823
296,Rajesh Kaur,Mumbai,917999204964
297,Suresh Gupta,Hyderabad,919642347366
298,Fatima Khan,Hyderabad,917948340091
299,Kavita T,Hyderabad,918315349299
300,Payal J,Pune,917746261724
301,Ayesha Desai,Bangalore,919679612211
302,Rahul Kaur,Hyderabad,919816311715
303,Deepak D,Pune,919263625851
304,Vinod Patil,Bangalore,918830014182
305,Harish R,Mumbai,917561396798
306,Deepak Gupta,Pune,918738596030
307,Karan Mehta,Delhi,918931810365
308,Payal Gupta,Pune,919809234175
309,Simran Desai,Pune,917835897340
310,Rahul B,Bangalore,918521433058
311,Rohan M,Mumbai,918579514374
312,Manoj Kaur,Delhi,919257025178
313,Suresh Mehta,Hyderabad,918778673755
314,Payal Kaur,Hyderabad,919068605909
315,Sachin Kulkarni,Pune,917759724486
316,Vikas Khan,Bangalore,918662490620
317,Karan Nair,Bangalore,917047378941
318,Anjali Shetty,Hyderabad,918067644086
319,Meenakshi Verma,Delhi,918787367809
320,Rohit Desai,Mumbai,917574682685
321,Sneha T,Delhi,919067357402
322,Pooja R,Mumbai,918797790100
323,Karan Sharma,Hyderabad,917082430197
324,Durga D,Mumbai,918115889230
325,Sachin Gupta,Bangalore,919500307604
326,Deepak S,Pune,919924764630
327,Neha Patil,Pune,917588881721
328,Sneha T,Hyderabad,917814733175
329,Sunil Kaur,Bangalore,919299139494
330,Durga Gupta,Delhi,919658362244
331,Vinod Mehta,Bangalore,917924284992
332,Payal T,Pune,918389423628
333,Vikas Singh,Pune,917052058324
334,Karan S,Bangalore,918035952369
335,Meenakshi D,Bangalore,919702817772
336,Fatima Nair,Pune,917854081204
337,Sunil Shetty,Delhi,917277526500
338,Vikas Sharma,Hyderabad,917183108255
339,Rahul S,Hyderabad,919095317155
340,Fatima P,Bangalore,918595187664
341,Deepak Sharma,Hyderabad,917471313378
342,Sneha Kulkarni,Pune,918141821936
343,Payal Kaur,Pune,919353468091
344,Karan S,Bangalore,919774935946
345,Sunil J,Bangalore,918951535806
346,Harish R,Bangalore,919144622484
347,Durga B,Delhi,918142544127
348,Fatima Desai,Hyderabad,917421261494
349,Neha Singh,Bangalore,917640971380
350,Rajesh D,Mumbai,919096979737
351,Deepak M,Mumbai,917546318845
352,Manoj Shetty,Pune,917644454083
353,Sachin Khan,Hyderabad,918394472499
354,Manoj Sharma,Bangalore,918045729903
355,Harish Singh,Mumbai,919799075921
356,Ayesha B,Hyderabad,919044482279
357,Divya Mehta,Pune,918614427880
358,Ayesha Nair,Delhi,919637459164
359,Sneha Kaur,Hyderabad,918694262707
360,Arjun Nair,Hyderabad,918973308837
361,Payal Patil,Delhi,918685318185
362,Payal Nair,Hyderabad,917571853424
363,Payal M,Pune,917438728895
364,Fatima Desai,Pune,919829061239
365,Suresh Patil,Delhi,918354662280
366,Vinod P,Bangalore,919955516032
367,Suresh Sharma,Mumbai,918879491131
368,Harish D,Bangalore,917328207919
369,Karan R,Hyderabad,918093802012
370,Sunil S,Mumbai,918199875168
371,Simran Singh,Delhi,917165039929
372,Sunil Kulkarni,Delhi,918086877695
373,Meenakshi T,Mumbai,918982030612
374,Rohit J,Pune,919736759498
375,Deepak Verma,Mumbai,919127950582
376,Anjali M,Hyderabad,919831903521
377,Vinod S,Pune,918659355911
378,Rohit Sharma,Delhi,918933269717
379,Durga Sharma,Mumbai,919734475463
380,Meenakshi J,Bangalore,917974805936
381,Sachin B,Bangalore,919636824654
382,Harish P,Hyderabad,917286268347
383,Karan Sharma,Bangalore,918935396694
384,Priya Shetty,Mumbai,919226545495
385,Rahul Sharma,Mumbai,917644970962
386,Harish R,Bangalore,917453950020
387,Shivani Kulkarni,Mumbai,919199976384
388,Fatima P,Hyderabad,918903843414
389,Rohit Desai,Pune,919921556068
390,Sneha Singh,Hyderabad,917205431815
391,Harish Desai,Hyderabad,917178983756
392,Harish Desai,Mumbai,917163302599
393,Anjali Mehta,Pune,917364178936
394,Rajesh P,Mumbai,919830536064
395,Harish Khan,Delhi,917309599852
396,Suresh Khan,Mumbai,917306045335
397,Amit T,Mumbai,917452550114
398,Karan S,Mumbai,917052005527
399,Neha Sharma,Pune,917152775696
400,Sachin Nair,Mumbai,919184331411
401,Priya Nair,Pune,918664708839
402,Vikas Verma,Bangalore,918517203257
403,Durga Singh,Delhi,918984047006
404,Vinod M,Pune,918273610605
405,Divya Sharma,Bangalore,918501963914
406,Durga Kaur,Pune,919840565126
407,Rohit P,Pune,917795408923
408,Ayesha J,Delhi,918524032050
409,Shivani J,Hyderabad,917747793898
410,Rohit Khan,Hyderabad,918770088889
411,Priya B,Pune,917422606084
412,Rajesh Gupta,Mumbai,919360582916
413,Sneha Verma,Bangalore,919835978589
414,Sneha M,Mumbai,917295119367
415,Priya M,Mumbai,918138365759
416,Jaya J,Pune,918822341257
417,Vinod T,Pune,917089957925
418,Priya D,Pune,917354840174
419,Deepak Kulkarni,Pune,917352924639
420,Amit J,Hyderabad,919210437487
421,Fatima Mehta,Pune,918268925662
422,Rajesh P,Hyderabad,917978575719
423,Rohit Patil,Hyderabad,919682909592
424,Anjali P,Pune,918640418241
425,Anjali P,Delhi,919866248142
426,Fatima D,Bangalore,917883420081
427,Arjun Desai,Mumbai,917044786626
428,Priya Kulkarni,Hyderabad,917521350704
429,Harish Verma,Bangalore,918096992547
430,Karan B,Delhi,919641460605
431,Rohan R,Mumbai,918119755075
432,Rohan T,Mumbai,917297444968
433,Manoj R,Hyderabad,919765547688
434,Rohan R,Pune,919277630329
435,Pooja Patil,Delhi,919054090870
436,Pooja Patil,Hyderabad,917180179133
437,Arjun Singh,Delhi,918383905033
438,Rahul M,Pune,917537874083
439,Sunil T,Pune,918257661067
440,Rajesh Desai,Hyderabad,919037258074
441,Meenakshi Mehta,Pune,917489440001
442,Sunil Kulkarni,Bangalore,919585061749
443,Amit Desai,Mumbai,919087420684
444,Suresh Kaur,Hyderabad,919501486260
445,Payal Khan,Delhi,919236682127
446,Priya P,Bangalore,919647846175
447,Simran S,Hyderabad,919819554171
448,Vinod Shetty,Pune,917672756961
449,Payal J,Pune,917550167050
450,Deepak J,Pune,917187843081
451,Arjun B,Pune,918452847886
452,Ayesha P,Delhi,917475916560
453,Payal Patil,Bangalore,919570673553
454,Amit Nair,Mumbai,917964716726
455,Sachin Singh,Delhi,917408072136
456,Sunil D,Delhi,918598445208
457,Manoj J,Mumbai,918614877159
458,Arjun Khan,Mumbai,918855756090
459,Payal Khan,Pune,919362626893
460,Arjun Verma,Delhi,918887230075
461,Karan Khan,Hyderabad,918669251065
462,Vinod T,Mumbai,919632555480
463,Vikas Singh,Mumbai,917703016561
464,Manoj Khan,Bangalore,918175924723
465,Rohan J,Hyderabad,918033767325
466,Fatima S,Hyderabad,917521844436
467,Meenakshi Kulkarni,Mumbai,919903321771
468,Rahul T,Pune,917848129311
469,Manoj Desai,Bangalore,919130509234
470,Fatima Mehta,Hyderabad,917054610032
471,Vikas P,Mumbai,919773736311
472,Vikas Kaur,Hyderabad,918227960290
473,Deepak P,Bangalore,919883876985
474,Karan D,Bangalore,918361171677
475,Deepak Patil,Delhi,918109955339
476,Anjali Singh,Mumbai,919336533422
477,Suresh S,Bangalore,918083366929
478,Meenakshi J,Delhi,919731903124
479,Neha J,Delhi,917949459965
480,Durga Verma,Hyderabad,918978002068
481,Manoj Nair,Hyderabad,919395789549
482,Pooja P,Delhi,917775647894
483,Divya T,Hyderabad,919818193643
484,Anjali Shetty,Bangalore,917231319263
485,Rohit Kulkarni,Pune,917762050762
486,Kavita Verma,Bangalore,918374646527
487,Vinod S,Delhi,919340872789
488,Sneha Desai,Delhi,918156769112
489,Deepak Sharma,Bangalore,919317376347
490,Harish Kulkarni,Hyderabad,917185429788
491,Sneha R,Hyderabad,917707874257
492,Neha B,Delhi,917463614721
493,Jaya Shetty,Mumbai,917565770780
494,Shivani Singh,Hyderabad,919943332564
495,Rajesh Nair,Bangalore,917394582451
496,Rohit Patil,Hyderabad,917917024350
497,Arjun Kulkarni,Bangalore,919097636814
498,Priya D,Delhi,919172620786
499,Fatima B,Hyderabad,917647148950
500,Neha J,Bangalore,918470526507
